<?xml version="1.0" encoding="UTF-8"?>
<project-private xmlns="http://www.netbeans.org/ns/project-private/1">
    <editor-bookmarks xmlns="http://www.netbeans.org/ns/editor-bookmarks/2" lastBookmarkId="0"/>
    <open-files xmlns="http://www.netbeans.org/ns/projectui-open-files/2">
        <group>
            <file>file:/Users/lfdlrg/Documents/GITHUB/PUNTO_DE_VENTA/CONEXION1/src/conexion1/SYSTEM.java</file>
            <file>file:/Users/lfdlrg/Documents/GITHUB/PUNTO_DE_VENTA/CONEXION1/src/conexion1/INTERFAZ.java</file>
            <file>file:/Users/lfdlrg/Documents/GITHUB/PUNTO_DE_VENTA/CONEXION1/src/conexion1/SYSTEM2.java</file>
            <file>file:/Users/lfdlrg/Documents/GITHUB/PUNTO_DE_VENTA/CONEXION1/src/conexion1/AGREGAR.java</file>
            <file>file:/Users/lfdlrg/Documents/GITHUB/PUNTO_DE_VENTA/CONEXION1/src/conexion1/LOGIN.java</file>
            <file>file:/Users/lfdlrg/Documents/GITHUB/PUNTO_DE_VENTA/CONEXION1/src/conexion1/CONEXION1.java</file>
            <file>file:/Users/lfdlrg/Documents/GITHUB/PUNTO_DE_VENTA/CONEXION1/src/conexion1/INTERFAZ2.java</file>
            <file>file:/Users/lfdlrg/Documents/GITHUB/PUNTO_DE_VENTA/CONEXION1/src/conexion1/ELIMINAR.java</file>
        </group>
    </open-files>
</project-private>
